accountId,primaryEmail,accountType,name,industry,primaryCurrency,status
1157226,Tokyo@moneyHeist.com,Business,Tokyo,Business,USD,Active
1157227,Nairobi@moneyHeist.com,Personal,Nairobi,Art,USD,Active
1157228,Berlin@moneyHeist.com,Business,Berlin,Finance,USD,Active
1157229,Rio@moneyHeist.com,Personal,Rio,Business,USD,Active
1157230,The_Professor@moneyHeist.com,Business,The Professor,Finance,USD,Active
1157231,Raquel@moneyHeist.com,Business,Raquel,Finance,USD,Active
1157232,Helsinki@moneyHeist.com,Business,Helsinki,Art,USD,Active
11 57233,Arturo@moneyHeist.com,Personal,Arturo,Banking,USD,Active